-- phpMyAdmin SQL Dump
-- version 4.9.7
-- https://www.phpmyadmin.net/
--
-- 主機： localhost
-- 產生時間： 2025 年 12 月 24 日 12:13
-- 伺服器版本： 11.4.2-MariaDB-log
-- PHP 版本： 7.2.34

SET SQL_MODE = "NO_AUTO_VALUE_ON_ZERO";
SET time_zone = "+00:00";


/*!40101 SET @OLD_CHARACTER_SET_CLIENT=@@CHARACTER_SET_CLIENT */;
/*!40101 SET @OLD_CHARACTER_SET_RESULTS=@@CHARACTER_SET_RESULTS */;
/*!40101 SET @OLD_COLLATION_CONNECTION=@@COLLATION_CONNECTION */;
/*!40101 SET NAMES utf8mb4 */;

--
-- 資料庫： `vhost137069`
--

-- --------------------------------------------------------

--
-- 資料表結構 `admin_users`
--

CREATE TABLE `admin_users` (
  `id` int(11) NOT NULL,
  `username` varchar(50) NOT NULL,
  `password_hash` varchar(255) NOT NULL,
  `created_at` datetime DEFAULT current_timestamp()
) ENGINE=InnoDB DEFAULT CHARSET=utf8mb4 COLLATE=utf8mb4_general_ci;

--
-- 傾印資料表的資料 `admin_users`
--

INSERT INTO `admin_users` (`id`, `username`, `password_hash`, `created_at`) VALUES
(1, 'keli', '$2y$10$LsgKfbb2B4nsIphb.c9LkOX03.xcpS3KrgIxtR80AAcLmlOdJf5je', '2025-08-21 17:01:04');

-- --------------------------------------------------------

--
-- 資料表結構 `consultations`
--

CREATE TABLE `consultations` (
  `id` int(11) NOT NULL,
  `name` varchar(100) NOT NULL,
  `phone` varchar(50) NOT NULL,
  `email` varchar(150) DEFAULT NULL,
  `message` text DEFAULT NULL,
  `created_at` datetime NOT NULL DEFAULT current_timestamp(),
  `status` tinyint(4) NOT NULL DEFAULT 0 COMMENT '0=未處理, 1=已處理'
) ENGINE=InnoDB DEFAULT CHARSET=utf8mb4 COLLATE=utf8mb4_general_ci;

--
-- 傾印資料表的資料 `consultations`
--

INSERT INTO `consultations` (`id`, `name`, `phone`, `email`, `message`, `created_at`, `status`) VALUES
(25, '陳淑媛', '0921649107', NULL, '忠正清潔\r\n承包學校清潔\r\n約30箱', '2025-10-26 20:51:34', 1),
(26, 'Ally', '00000000', 'katie78421@gmail.com', '請以電郵聯絡\r\n敝司是餐廳 在大安區信義路二段 想詢價擦手紙 垃圾袋 客製化餐巾紙 濕紙巾 消毒酒精 抹布等一般日常生活用品  價格若談攏可談長期配合 謝謝', '2025-12-05 17:11:21', 1);

-- --------------------------------------------------------

--
-- 資料表結構 `consultation_items`
--

CREATE TABLE `consultation_items` (
  `id` int(11) NOT NULL,
  `consultation_id` int(11) NOT NULL,
  `product_id` int(11) NOT NULL,
  `qty` int(11) NOT NULL DEFAULT 1
) ENGINE=InnoDB DEFAULT CHARSET=utf8mb4 COLLATE=utf8mb4_general_ci;

--
-- 傾印資料表的資料 `consultation_items`
--

INSERT INTO `consultation_items` (`id`, `consultation_id`, `product_id`, `qty`) VALUES
(42, 25, 190, 1),
(43, 26, 200, 1),
(44, 26, 201, 1),
(45, 26, 74, 1),
(46, 26, 222, 1),
(47, 26, 55, 1),
(48, 26, 51, 1),
(49, 26, 50, 1),
(50, 26, 40, 1),
(51, 26, 39, 1),
(52, 26, 38, 1),
(53, 26, 29, 1),
(54, 26, 238, 1);

-- --------------------------------------------------------

--
-- 資料表結構 `counters`
--

CREATE TABLE `counters` (
  `name` varchar(100) NOT NULL,
  `value` bigint(20) NOT NULL DEFAULT 4600000,
  `updated_at` datetime NOT NULL DEFAULT current_timestamp() ON UPDATE current_timestamp()
) ENGINE=InnoDB DEFAULT CHARSET=utf8mb3 COLLATE=utf8mb3_unicode_ci;

--
-- 傾印資料表的資料 `counters`
--

INSERT INTO `counters` (`name`, `value`, `updated_at`) VALUES
('page_views', 4600025, '2025-12-24 12:11:36');

-- --------------------------------------------------------

--
-- 資料表結構 `product`
--

CREATE TABLE `product` (
  `id` int(11) NOT NULL,
  `name` varchar(30) NOT NULL,
  `category` varchar(50) NOT NULL,
  `description` varchar(500) NOT NULL,
  `image` varchar(255) DEFAULT NULL,
  `is_featured` tinyint(1) DEFAULT 0
) ENGINE=InnoDB DEFAULT CHARSET=utf8mb4 COLLATE=utf8mb4_general_ci;

--
-- 傾印資料表的資料 `product`
--

INSERT INTO `product` (`id`, `name`, `category`, `description`, `image`, `is_featured`) VALUES
(17, '地墊', '地墊 - 吸水墊', '灰色/紅色/綠色/黑色/棕色', 'uploads/17.webp', 0),
(18, '塑膠醬油碟小 產品編號A141', '紙杯/免洗餐具 - 免洗餐具/盒', '紅色、小8000個/箱 產品編號A141\r\n紅色、大4800個/箱 產品編號A114', 'uploads/18.webp', 0),
(19, '醫療口罩50入/盒-藍色-台灣製造雙鋼印產品 編號Z012-', '防疫專區 - 口罩', '採用「魚型折疊」版型，貼合臉部曲線並釋放口鼻空間，說話不貼嘴、妝容不易沾染。四層結構包含{{親膚層／熱風棉／熔噴過濾層／表布防潑水層}}，在透氣與防護間取得良好平衡，長時間會議或通勤也能舒適呼吸。通過{{CNS/EN 標準}}檢測，{{BFE/PFE/VFE ≥ 99%（依實測填寫）}}，配合可塑鼻樑條與兩側立體剪裁，加寬耳帶分散壓力，且配戴穩定不易滑落。單片{{獨立包裝}}，乾淨攜帶更有儀式感；多色系與{{花粉季限定色}}，兼顧專業與穿搭美感，滿足日常、商務與旅遊等多場景需求。', 'uploads/19.webp', 0),
(20, '五月花', '紙類用品 - 抽取式衛生紙', '【五月花｜抽取式衛生紙】選用細緻紙漿與均勻壓紋，觸感柔軟、吸水力佳，抽取順暢不連張、不易掉屑；紙張韌性提升，濕擦也不易破。居家餐飲、廚房擦拭、辦公室與外出隨身皆適用。採{{包裝型態：盒裝/軟抽}}，體積輕巧好收納。規格：{{每抽張數}}×{{層數}}層，{{每袋入數/每箱入數}}，尺寸{{單張尺寸}}；請置於陰涼乾燥處，紙製品請勿丟入馬桶造成阻塞。\r\n\r\n', 'uploads/20.webp', 0),
(21, '紅外線酒精消毒機', '防疫專區 - 手部消毒機', '免接觸自動感應設計，內建紅外線感測器，手部靠近時自動噴出適量酒精，降低交叉感染風險。機身容量大、出液均勻，適合辦公室、商場、餐廳、學校等公共場所使用。支援酒精或含酒精消毒液，簡單補充、方便維護，有效守護日常衛生與安全。\r\n\r\n特色：\r\n\r\n紅外線自動感應，免手接觸\r\n\r\n支援噴霧或滴液式出液模式（依機型）\r\n\r\n大容量設計，減少頻繁加液\r\n\r\n節能省電，部分機型支援電池或 USB 供電\r\n\r\n適用於各種公共及商用空間', 'uploads/21.webp', 0),
(22, '大捲垃圾袋', '垃圾袋 - 捲式垃圾袋', '耐用加厚材質製成，不易破裂滲漏，適合大量廢棄物收集。採用大捲式包裝，方便抽取與存放，適用於家庭、辦公室、餐飲業及各類公共場所。\r\n\r\n產品特色：\r\n\r\n大捲設計：連續抽取，使用方便\r\n\r\n耐用材質：加厚防破，承重力佳\r\n\r\n防漏設計：有效防止液體滲漏\r\n\r\n多容量選擇：適合各種垃圾桶尺寸\r\n\r\n環保材質：部分款式可選用再生塑料', 'uploads/22.jpg', 0),
(23, '妙管家洗碗精', '清潔用品 - 妙管家系列', '高效去油配方，能迅速分解頑固油汙，泡沫細緻綿密，輕鬆洗淨碗盤與廚具，溫和不傷手。適用於家庭、餐飲業及各類廚房清潔需求。\r\n\r\n產品特色：\r\n\r\n強效去油：快速分解油汙，潔淨如新\r\n\r\n溫和配方：含護手成分，減少乾燥不適\r\n\r\n泡沫豐富：少量即可產生細緻泡沫，易沖洗不殘留\r\n\r\n多用途：適用於餐具、鍋具及廚房表面清潔\r\n\r\n多種香味：檸檬、蘋果等清新香氣可選\r\n\r\n用途：清潔碗盤、杯具、鍋具及廚房用具\r\n使用方式：將適量洗碗精擠於海綿或清潔布上，加水起泡後清洗，再用清水沖淨', 'uploads/23.webp', 0),
(24, '可彎/斜口吸管', '其他餐飲用品 - 藝術吸管', '可彎/斜口吸管\r\n7吋8吋長-黑色-彩色\r\n100包(箱)\r\n\r\n膠包斜口吸管\r\nBOPP單支包杜絕接觸清潔衛生\r\n100包(箱)', 'uploads/24.webp', 0),
(26, '百吉大型捲筒衛生紙產品編號5102', '紙類用品 - 捲筒式衛生紙', '一箱12捲，紙張尺寸為220mm x 95mm。\r\n．100%紙漿製造，具有高親水性\r\n．高溫殺菌處理、不含有害化學物質\r\n．貼心巧撕設計使用不浪費\r\n．使用環保節省又方便\r\n．紙幅：220mmx95mm (CNS許可差±5%)\r\n\r\n\r\n．產品可分散於水中：\r\n　衛生紙可分散於水中，使用後丟棄方式請視家庭的汙水排除系統而定，外部因素（如：使用習慣、丟入衛生紙張數、水管大小、馬桶沖水量……等等）可能影響馬桶排水，甚至堵塞，請消費者自行衡量是否將使用後之衛生紙丟入馬桶。', 'uploads/26.jpg', 0),
(28, '奇立淨防噴濺感溫變色小便斗香芬除臭片。產品編號C010', '芳香/除臭用品 - 小便斗除臭芳香清潔', '產品說明：\r\n\r\n名稱：奇立淨防噴濺感溫變色小便斗香芬除臭片。\r\n\r\n功能： 結合微生物技術和香芬因子，具有防噴濺、除臭、芳香和感溫變色功能。\r\n\r\n成分： EVA、界面活性劑、香料萃取物。\r\n\r\n用途：用於小便斗，具有芳香和除臭功能，並能防止尿液噴濺。\r\n\r\n特色：\r\n\r\n　　。含有高品質的微生物除臭塊和感溫變色網。\r\n\r\n　　。內嵌式生物酶除臭塊採用緩釋技術，可持續釋放微生物菌。\r\n\r\n　　。富含香芬香味因子，可持續散發香味。\r\n\r\n　　。專業立柱群設計，有助於防止尿液噴濺。\r\n\r\n　　。適用於所有常見的小便斗。\r\n\r\n　\r\n\r\n', 'uploads/28.jpg', 0),
(29, '五月花抽取衛生紙 產品編號503-22', '紙類用品 - 抽取式衛生紙', '主成份：100%原生紙漿 \r\n層數：兩層 \r\n規格(單張尺寸)：20*19cm 6串X12包X110抽X2張 72包/箱', 'uploads/29.jpg', 0),
(30, '優活大抽取紙巾 產品編號503-3', '紙類用品 - 抽取式衛生紙', '規格：100抽雙層X6包X12串/箱\r\n紙幅：190mmx175mm\r\n材質：100%原生紙漿製造、不含瑩光劑\r\n產地：MIT台灣製造、品質有保證', 'uploads/30.webp', 0),
(31, '馨香大抽取衛生紙 產品編號5003-3', '紙類用品 - 抽取式衛生紙', '8串*6包X100抽 X2張  48包(箱) \r\n衛生紙材質 可溶於水\r\n', 'uploads/31.png', 0),
(33, '百吉牌親柔大抽取衛生紙 產品編號5003', '紙類用品 - 抽取式衛生紙', '規格:8串*6包X100抽 X2張 48包(箱)\r\n尺寸:195*195mm+-5%\r\n不含有害化學物質，吸水性佳\r\n高溫殺菌處理，品質更安心\r\n紙張潔白、柔軟、舒適觸感佳，滿足您全方位的使用需求\r\n100%紙漿製造，確保紙質優良\r\n不含有害化學物質，吸水性佳\r\n高溫殺菌處理，品質更安心\r\n紙張潔白、柔軟、舒適觸感佳，滿足您全方位的使用需求\r\n本商品可於馬桶中分解\r\n紙幅：195mmx195mm (CNS許可差±5%) \r\n產地：MIT台灣製造，品質有保證\r\n材質：100%紙漿製造', 'uploads/33.jpg', 0),
(34, '佳倍柔抽取式餐巾紙 產品編號5033-7', '紙類用品 - 抽取式衛生紙', '規格：300抽\r\n數量：600張/300抽X30包/箱\r\n尺寸:   195mmx105mm (CNS許可差±5%)\r\n成份：100%原生紙漿 衛生紙材質 可溶於水', 'uploads/34.jpg', 0),
(35, '馨香單抽衛生紙 產品編號5033', '紙類用品 - 抽取式衛生紙', '規格尺寸：19.5cm x 11.5cm原生紙漿\r\n\r\n  每包抽數：200抽400張*60包/箱 衛生紙材質可溶於水\r\n\r\n  每箱數量：60包\r\n   200抽/包400張115*195\r\n  產品特色：\r\n一包200抽，遇水易分解，不堵塞馬桶，高溫自動化製程，衛生乾淨，不添加螢光劑，可安心使用，\r\n可隨個人需要抽取，經濟節省，特殊壓花設計，觸感柔軟，體積輕巧，不佔空間，單抽式衛生紙。\r\n\r\n', 'uploads/35.jpg', 0),
(36, '五月花大捲筒擦手紙 產品編號5004-1', '紙類用品 - 擦手紙', '1.5公斤*2捲/袋*6袋/12捲入/箱\r\n雙層貼合壓花技術快速吸收手中水分\r\n紙張強韌手濕拉取不易破\r\n不含螢光劑等有害化學物質', 'uploads/36.webp', 0),
(37, '百吉牌擦手紙 產品編號5008-4', '紙類用品 - 擦手紙', '200抽*20包 4000張/箱\r\n易吸，易擦，好整理\r\n超高溫殺菌處理，衛生可靠，不含螢光劑\r\n．100%紙漿製造，具有高親水性\r\n\r\n．不添加螢光劑，確保紙質優良，使用更安心\r\n\r\n．高溫殺菌，無紙塵，吸力更佳\r\n\r\n．家中清潔的好幫', 'uploads/37.webp', 0),
(38, '五月花三折式擦手紙 產品編號5101-8', '紙類用品 - 擦手紙', '摺疊紙巾 150張*20包/箱\r\n層數：雙層立體貼合\r\n產地：台灣\r\n材質：100%原生紙漿\r\n總效期：5年\r\n單組包裝內容物與數量：20包/箱\r\n\r\n厚實吸水佳 擦拭最順手\r\n產品經高溫殺菌。絕不含螢光劑\r\n紙張厚實：強韌不易破', 'uploads/38_1760348607.jpg', 0),
(39, '潔柔三折式擦手紙產品編號5101-4', '紙類用品 - 擦手紙', '商品名稱：潔柔立體雙層擦手紙 200張/20包\r\n\r\n紙張尺寸：235mm*210mm/雙層/(抽)\r\n\r\n單包規格：200張/100抽/包\r\n\r\n裝箱規格：100抽/20包/箱\r\n\r\n新蜂巢式點對點雙層立體黏合、讓紙張變得更蓬鬆、柔軟及超強的吸水力。\r\n\r\n◎亦可當廚房紙巾使用、改變傳統捲式包裝~抽取式讓您單手方便抽取。\r\n\r\n◎100%原生紙漿製作~吸油‧吸水兩者皆宜。\r\n\r\n◎張數比一般廚房紙巾多了40張、價格節省35%。\r\n\r\n是您更經濟實惠的選擇---', 'uploads/39.jpg', 0),
(40, '白雪環保三折式擦手紙 產品編號 5101-6', '紙類用品 - 擦手紙', '品  名 : 白雪環保三折擦手紙200抽  (20包/箱)\r\n紙張尺寸 : 23cm*21cm\r\n箱裝規格 : 20包/箱', 'uploads/40.jpg', 0),
(41, '二折式抽取式擦手紙 產品編號5101-11', '紙類用品 - 擦手紙', '二折式設計抽取方便，不佔空間\r\n\r\n純木漿製成吸水性佳，不易破損\r\n\r\n規格：19.5*12公分\r\n抽數：150抽\r\n包數：20包', 'uploads/41.png', 0),
(42, '百吉牌大捲衛生紙 產品編號5102', '紙類用品 - 捲筒式衛生紙', '品牌：百吉牌\r\n產地：台灣\r\n規格：12捲/箱\r\n◆100%紙漿製造，不含螢光劑\r\n◆超高溫殺菌處理，衛生可靠\r\n', 'uploads/42.jpg', 0),
(43, '五月花大捲衛生紙 產品編號5102-5', '紙類用品 - 捲筒式衛生紙', '品牌：五月花\r\n\r\n名稱：大型捲筒衛生紙\r\n\r\n商品介紹：紙質強韌 ，兩邊增加壓邊線，紙張不易分離，規格多元，可依使用場所選擇，創造潔淨舒爽的生活空間，可溶於水，可丟入馬桶。\r\n\r\n包裝：箱/12捲', 'uploads/43.png', 0),
(44, '155米大型捲筒衛生紙 產品編號5102-4', '紙類用品 - 捲筒式衛生紙', '品名：捲筒式衛生紙\r\n\r\n材質：100%原生木漿\r\n\r\n單位：155M/捲 3捲/袋 *4袋/箱\r\n\r\n描述：可廁衛用、可溶於水、紙張不含螢光劑\r\n', 'uploads/44.webp', 0),
(45, '優活大捲筒衛生紙 產品編號5102-7', '紙類用品 - 捲筒式衛生紙', '優活 大捲筒衛生紙(248m*12捲)/箱\r\n\r\n材質 : 100%原生紙漿製造、不含瑩光劑\r\n\r\n保存期限 : 5年\r\n\r\n產地 : MIT台灣製造', 'uploads/45_1760348227.jpg', 0),
(46, '百吉小捲衛生紙 產品編號5103', '紙類用品 - 捲筒式衛生紙', '   60捲入X270節\r\n\r\n．紙幅：100mmx103mm (CNS許可差±5%)\r\n\r\n．100%紙漿製造，具有高親水性\r\n\r\n．400℃高溫殺菌處理、不含有害化學物質\r\n\r\n．產地：MIT台灣製造，品質有保證\r\n\r\n．材質：100%紙漿製造\r\n\r\n．產品可分散於水中', 'uploads/46.webp', 0),
(47, '芙蓉小型捲筒衛生紙 產品編號5103-2', '紙類用品 - 捲筒式衛生紙', '芙蓉小捲筒衛生紙\r\n永豐餘五月花系列產品\r\n產品規格 200+10張/捲(加量包)\r\n紙張規格 10.0 x 11.0 cm\r\n箱入規格 6捲 x 10袋/60捲/箱\r\n箱尺寸 550 x 335 x 420mm\r\n箱條碼 4710104402094\r\n採用100%原生紙漿，不含可遷移性螢光劑等有害化學物質。\r\n雙層紙張厚實、吸水性佳，使用舒適不易破。\r\n紙張符合CNS1091可分散性測試標準，如廁適量使用，安心不阻塞。', 'uploads/47.webp', 0),
(48, '百吉小型捲筒衛生紙 產品編號5103-5', '紙類用品 - 捲筒式衛生紙', '百吉小捲筒衛生紙 270節*6捲/包*10包/箱\r\n*100%紙漿製造\r\n*具有高親水性 ．不添加螢光劑\r\n*無紙塵，吸力更佳\r\n*規格:箱/60入', 'uploads/48.jpg', 0),
(49, '百吉牌平版衛生紙 產品編號50034', '紙類用品 - 抽取式衛生紙', '300張*36包/箱\r\n\r\n．採用永續林木紙漿，絕不使用熱帶雨林木漿，愛護地球從源頭做起\r\n\r\n．400℃高溫殺菌處理、不含有害化學物質\r\n\r\n．柔軟升級：使用天然進口長纖／短纖紙漿混合交織而成，使紙張觸感更加柔軟\r\n\r\n．紙幅：210mmx170mm (CNS許可差±5%)\r\n\r\n．產地：MIT台灣製造，品質有保證\r\n\r\n．材質：100%紙漿製造、不含螢光劑\r\n\r\n．保存期限：5年', 'uploads/49.webp', 0),
(50, '舒綿廚房紙巾5101-5', '紙類用品 - 廚房紙巾', '商品名稱:舒綿雙層貼合廚房紙巾\r\n\r\n商品規格： 200張(100抽)*19.5*19.5cm 20包/箱\r\n\r\n成分:100%原生紙漿\r\n\r\n產地:台灣', 'uploads/50.jpg', 0),
(51, '五月花廚房紙巾 產品編號5018', '紙類用品 - 廚房紙巾', '60組/捲，48捲/箱\r\n主成份：100%原生紙漿 \r\n層數：單層 \r\n規格(單張尺寸)：22.6*21cm\r\n產地：台灣\r\n\r\n功能大升級，瞬間吸水力提升+13%\r\n\r\n紙張強韌硬挺，厚度提升+7%\r\n\r\n獨家微笑壓花工藝，花紋更立體，紙張更硬挺，厚度提升+7%\r\n\r\n包裝創新\"掀蓋式黏貼\"設計，好開好用', 'uploads/51.jpg', 0),
(52, '優活抽取式餐巾紙 產品編號5033-3', '紙類用品 - 抽取式衛生紙', '規格：300抽雙層X30包/箱\r\n\r\n紙幅：195mmx105mm (CNS許可差±5%)\r\n\r\n材質：100%原生處女紙漿製造、不含瑩光劑\r\n\r\n產地：MIT台灣製造、品質有保證\r\n', 'uploads/52_1760348311.jpg', 0),
(53, '馨香小抽餐巾紙(紅.白) 產品編號5012', '紙類用品 - 抽取式衛生紙', '原生紙漿 紙質優質\r\n19.5cmX13.5cmX200張 (雙層100抽)\r\n60包/箱\r\n\r\n100%原生紙漿.超柔細觸感 精巧好用不浪費!\r\n紅色紙巾品牌（穩潔）\r\n\r\n 抽取式萬用紙巾\r\n', 'uploads/53.jpg', 0),
(54, '嬌生抽取式柔濕巾', '紙類用品 - 濕紙巾', '嬌生抽取式柔濕巾100片/12包/無蓋 \r\n【商品特點】\r\n● 優質純水濕巾 擦手擦嘴都安心\r\n● 低敏感性，經皮膚科專家測試\r\n● 溫和清潔寶寶全身肌膚\r\n\r\n【商品資訊】\r\n數量:單組\r\n用途:清潔肌膚\r\n入數:100片\r\n規格:200x140mm\r\n有效期限:二年', 'uploads/54.webp', 0),
(55, '紙毛巾-扁水針布 產品編號5017-3', '紙類用品 - 濕紙巾', '扁式濕紙巾 / 全空白無印刷\r\n特性	純水無添加\r\n類型	一般型\r\n包裝	單片裝\r\n300條/包*3包/箱	900條/箱\r\n包數(3包)/箱\r\n香味	無\r\n材質	濕紙巾\r\n產地	台灣 \r\n\r\n***私版承製 各尺寸承製 可來電諮詢***\r\n***私版承製 各尺寸承製 可來電諮詢***\r\n***私版承製 各尺寸承製 可來電諮詢***', 'uploads/55.jpg', 0),
(56, '公版紙毛巾', '紙類用品 - 濕紙巾', '商品名稱	扁式濕紙巾 / 北馨濕紙巾\r\n尺寸:15*23\r\n\r\n材質	濕紙巾\r\n產地	台灣\r\n\r\n***私版承製 各尺寸承製 可來電諮詢***\r\n***私版承製 各尺寸承製 可來電諮詢***\r\n***私版承製 各尺寸承製 可來電諮詢***', 'uploads/56.jpg', 0),
(57, '圓式紙毛巾150條*6包/箱 產品編號5017-11', '紙類用品 - 濕紙巾', '扁式濕紙巾(有香/無香) / 北馨濕紙巾\r\n尺寸:15*23\r\n材質 濕紙巾\r\n圓式紙毛巾150條*6包/箱\r\n產地 台灣\r\n\r\n滿20箱可定製店名印刷精美設計\r\n\r\n***私版承製 各尺寸承製 可來電諮詢***\r\n***私版承製 各尺寸承製 可來電諮詢***\r\n***私版承製 各尺寸承製 可來電諮詢***', 'uploads/57.jpg', 0),
(58, '17X17口布紙-紅-白二折 產品編號5019', '紙類用品 - 餐巾紙', '規格：50張×16包/箱\r\n特性：\r\n多功能：可當擦手紙，亦可做廚房紙巾及擦拭紙、吸油紙。\r\n吸水性佳\r\n保存期限：5年\r\n滿10箱可定製店名印刷精美設計', 'uploads/58.jpg', 0),
(59, '13X13餐巾紙--白二折或三折 產品編號5021', '紙類用品 - 餐巾紙', '產品名稱：餐巾紙\r\n\r\n成　　份：100%原生紙\r\n折　　數：二折/三折\r\n尺　　寸：13 x 13吋 (未攤開16.6cm x 16.6cm / 攤開後33cm x 33cm)\r\n包　　裝：40包/箱\r\n產　　地：台灣\r\n\r\n保存期限：5年\r\n滿10箱可定製店名印刷精美設計', 'uploads/59.jpg', 0),
(60, '穩潔9 X 9餐巾紙-紅-白二折產品 編號5014', '紙類用品 - 餐巾紙', '尺寸：長約22.8公分，寬約22.8公分\r\n\r\n包裝說明：1箱36包(1包100張)\r\n\r\n材質：紙漿\r\n\r\n滿10箱可定製店名印刷精美設計', 'uploads/60.jpg', 0),
(61, ' 冠潔9-餐巾紙-紅-白  產品編號5016', '紙類用品 - 餐巾紙', '冠潔 餐巾紙 (紅色/白色)\r\n\r\n8吋Ｘ9吋\r\n\r\n50張/包 48包/箱\r\n\r\nMIT台灣製造', 'uploads/61.jpg', 0),
(62, '餐墊紙(公版咖啡杯) 產品編號5015', '紙類用品 - 餐墊紙', '咖啡色\r\n\r\n尺寸42*28公分\r\n一箱有2250張\r\n\r\n有空白/公版咖啡杯餐墊紙\r\n二種可供選擇\r\n滿5箱可定製店名印刷精美設計', 'uploads/62.jpg', 0),
(63, '杯墊紙(圓形或方形) 產品編號5020', '紙類用品 - 餐墊紙', '1000張(盒)\r\n滿24盒可定製店名印刷精美設計', 'uploads/63.jpg', 0),
(64, '商用捲式擦拭紙 產品編號5017-12', '紙類用品 - 擦手紙', '4公斤/捲\r\n吸水吸油效果超強', 'uploads/64_1762942782.jpg', 0),
(65, '單抽掛架 產品編號5007', '機台/垃圾桶/傘架 - 各式紙架', '適用小抽式衛生紙 餐巾紙 擦手紙\r\n品　　名：	單抽式衛生紙架\r\n材　　質：	塑膠\r\n\r\n安裝需工本費150圓/台\r\n單抽或大抽衛生紙可調整使用', 'uploads/65.jpg', 0),
(66, '單座給皂機500cc 產品編號L014', '機台/垃圾桶/傘架 - 給皂機', '安裝需工本費200圓/台\r\n單座給皂機', 'uploads/66_1759304724.jpg', 0),
(67, '大捲紙架 產品編號L014-2', '機台/垃圾桶/傘架 - 各式紙架', '品　　名：	BLOSSOM大捲筒衛生紙架\r\n材　　質：	塑膠\r\n備　　註：	 適用市面上多種類大捲筒衛生紙\r\n\r\n安裝需工本費150圓/台\r\n搭配本公司產品方便使用', 'uploads/67.jpg', 0),
(68, '舒潔馬桶坐墊紙架 產品編號L014-6', '機台/垃圾桶/傘架 - 各式紙架', '優雅的曲線、珍珠白的外觀，高雅大方，提昇盥洗室的形象\r\n\r\n安裝需工本費150圓/台\r\n搭配本公司產品方便使用\r\n', 'uploads/68.png', 0),
(69, '擦手紙架-產品編號L0141', '機台/垃圾桶/傘架 - 各式紙架', '擦手紙架-透明庫存視窗\r\n\r\n適用於折疊抽取式擦手紙，無需觸碰使用盒，幫助降低交叉感染和細菌的傳播。\r\n防止過度補充裝置讓補紙更方便，同時防止過度補充抽取破碎和浪費\r\n獨特高雅流線型的設計，搭配一體包覆式防髒面板，可防止灰塵堆積\r\n簡約有型的透式視窗，可輕易辨識使用盒內是否需要補充\r\n\r\n安裝需工本費150圓/台\r\n搭配本公司產品方便使用', 'uploads/69_1760348463.jpg', 0),
(70, '舒潔馬桶坐墊紙 產品編號5053', '紙類用品 - 抽取式衛生紙', '紙張尺寸：45.7cm*38.1cm/張\r\n\r\n單包規格：125張/包*24盒/箱(如圖示)\r\n\r\n產品說明：\r\n\r\n 使用後可直接沖入馬桶、可分解於水中\r\n\r\n 大量使用者可搭配舒潔69570馬桶座墊紙架會更方便使用。', 'uploads/70.jpg', 0),
(71, '萬用清潔劑(4公升) 產品編號L114', '清潔用品 - 萬用清潔劑', '4公升*4桶(箱)  也有20公升大桶裝\r\n洗淨/除菌/防臭三效合一 中性 不會刺激皮膚\r\n清潔居家、廚房、浴廁一瓶多用\r\n快速去污+防污膜雙效配方，可依髒污程度稀釋濃度(10~120倍)\r\n適用地點:地板/浴廁/廚房/光面牆壁/桌面/磁磚\r\n', 'uploads/71_1758257066.jpeg', 0),
(72, '莊臣碧麗珠 產品編號U011', '芳香/除臭用品 - 芳香除臭劑', '容量：330ml/瓶\r\n百花清香和檸檬香味\r\n\r\n含過敏原捕捉因子，能緊緊抓住灰塵不致令灰塵周圍飛。\r\n\r\n清除傢俱上的灰塵、髒污、指印並帶走塵蹣，寵物皮屑及花粉中的過敏原。\r\n\r\n除有效除塵外，同時能保護傢俱， 添加光亮。\r\n\r\n更能提供亮麗的光澤使家具再生全新的質感。\r\n\r\n清潔、光澤、保護，一次完成。', 'uploads/72.jpg', 0),
(73, 'V6水蠟20公升裝', '清潔用品 - 地板清潔劑', '20公升5加侖桶裝\r\n4公升1加侖桶裝\r\n功效\r\n去汙、去刮痕、防潑水、修復\r\n\r\n成分：矽樹脂、矽保養油、SiO2、矽利光\r\n\r\n電化製品、傢具等表面，輕輕一擦能使汙垢迅速淨化如新，而不損傷漆面\r\n洗污作業性好，有特佳伸展性，輕擦即光潔無比\r\n品質安定性極佳，經久不變化', 'uploads/73_1758522588.jpg', 0),
(74, '健康75c%藥用消毒酒精4000cc/桶 產品編號g221', '防疫專區 - 酒精', '【尺寸規格】\r\n產品名稱：健康75％藥用消毒酒精\r\n容量 : 4000cc\r\n乙類成藥\r\n衛部成字第017227號\r\nPICS/GMP  優良藥品\r\n\r\n75c藥用酒精4000cc 健康6桶/箱\r\n75c殺菌效果最佳 有效預防傳染病  乾洗手使用方便\r\n乙醇食用酒精-乾洗手消毒用\r\n清潔 .消毒 .抗菌 一次完成', 'uploads/74.jpg', 0),
(75, '悍菌盾消毒液4000cc 產品編號L004-4', '清潔用品 - 其他(掃除用具)', '環境殺菌消毒液\r\n\r\n4公升箱/4桶\r\n\r\n功能:殺菌.消毒.防霉\r\n\r\n環保署核准字號第0899號', 'uploads/75.jpg', 0),
(76, '莊臣穩潔玻璃亮光劑4公升-威猛先生 產品編號G205-1', '清潔用品 - 玻璃清潔劑', '★商品特色：\r\n\r\n◆清潔去污-美國強效配方。\r\n◆亮光-揮發效果快速一擦既亮。\r\n◆防塵霧-能增加表面張力灰塵霧氣，不易附著。\r\n\r\n★商品規格：4000ml/桶\r\n \r\n\r\n使用方法：\r\n輕噴後，以清潔乾布或紙巾擦拭。\r\n注意事項：\r\n請勿將穩潔噴在布上或以濕布擦拭(效果不佳)，置於兒童拿不到之處。\r\n若不慎入眼，請以清水沖洗，情況嚴重請即就醫。\r\n', 'uploads/76.png', 0),
(77, '九月強力除油靈(4公升)新采出品 產品編號L113', '清潔用品 - 除油靈', '除油，去污，亮光 適用於廚房頑強油垢，\r\n\r\n油煙機 瓦斯爐，烤箱表面，磁磚\r\n\r\n去污力超強,浸泡潔白,免費力刷洗\r\n\r\n#容量：4000ml 或 20公升大桶裝\r\n#產地：台灣\r\n \r\n', 'uploads/77.jpg', 0),
(78, '九月抗菌珍珠洗手乳(4公升)新采出品 產品編號L004', '清潔用品 - 洗手乳', '4公升/桶\r\n4桶/箱\r\n\r\n去除汙垢.細菌、保護肌膚\r\n添加保濕滋潤護膚配方，滋養肌膚保水分\r\n \r\n \r\n洗淨力強，無皮膚刺激性，可去污除臭，添加保濕滋潤護膚配方，滋養肌膚保水分，洗後雙手不緊繃乾澀，更加清爽潔淨。\r\n\r\n保存方法：請置於陰涼處，避免陽光照射。\r\n\r\n\r\n原產地：台灣', 'uploads/78.jpg', 0),
(79, '九月地板清潔劑(4公升)新采出品 產品編號L003', '清潔用品 - 地板清潔劑', '4公升/桶\r\n4桶/箱\r\n\r\n有妙管家-,九月兩大品牌\r\n\r\n九月地板清潔劑\r\n 清潔、除垢一次完成，使用後還有淡淡清香味。\r\n使用後無需使用大量清沖水洗刷。', 'uploads/79.jpg', 0),
(80, '九月廚房清潔劑(4公升)新采出品 產品編號L112', '清潔用品 - 廚房清潔劑', '4公升/4桶/箱​\r\n\r\n徹底清除污垢，溶解油漬，數分鐘內立即見效，\r\n\r\n具極佳除污效果可用於餐廳.廚房烤盤與鍋爐上\r\n\r\n輕鬆清除汙垢~廚房必備清潔劑', 'uploads/80.jpg', 0),
(81, '九月玻璃清潔劑(4公升)新采出品 產品編號G205', '清潔用品 - 玻璃清潔劑', '九月 玻璃清潔劑4L\r\n\r\n產品特性：\r\n\r\n去污、亮光、防塵、具抗靜電作用，使用後可減少灰塵之沾附。\r\n\r\n', 'uploads/81.jpg', 0),
(82, '九月浴廁清潔劑4公升新采出品 產品編號L005', '清潔用品 - 廁所清潔劑', '產品名稱：	九月浴廁清潔劑\r\n容　　量：	1加侖/桶\r\n包　　裝：	4桶/箱\r\n\r\n含高效能去污素，能迅速分解污垢，對洗臉盆、浴缸、磁磚、小便斗的水垢及黃垢最有效\r\n於清潔後能形成一層保護膜，避免污垢牢附於瓷釉表面，可維持較長時間的清潔。', 'uploads/82.jpg', 0),
(83, '九月潤膚沐浴乳[4公升]新采出品 產品編號L115', '清潔用品 - 其他(掃除用具)', '品類	沐浴乳/沐浴露/沐浴精\r\n適用對象	大人\r\n適用部位	身體保養\r\n產地	台灣\r\n保存期限	三年\r\n規格/容量	4L\r\n\r\n優雅香氛，潤澤肌膚並散發高貴典雅的香氣。 \r\n適時解放使膚質細緻光彩、心曠神怡，猶如進入森林浴 ', 'uploads/83.jpg', 0),
(84, '九月雙效洗髮精(4公升)新采出品 產品編號L116', '清潔用品 - 其他(掃除用具)', '品名稱：九月雙效洗髮乳 1加侖\r\n\r\nPH值：中性\r\n\r\n容量：1加侖/桶\r\n\r\n裝箱規格：4桶/箱\r\n\r\n售價單位：桶\r\n\r\n用途：清潔秀髮\r\n\r\n產品特性：\r\n\r\n吹、整、燙、染都會影響秀髮本身的成長和健康、如給予適當的有氧配方深層潔護秀\r\n\r\n髮毛鱗會更柔順使秀髮更健康水嫩閃亮動人。', 'uploads/84.jpg', 0),
(85, '花仙子純中性茶樹精油抗菌洗手乳-4000cc 產品編號M01', '清潔用品 - 洗手乳', '品名稱：花仙子純中性抗菌洗手乳 1加侖\r\n\r\n容量：1加侖/桶\r\n\r\n裝箱規格：4桶/箱\r\n\r\n售價單位：桶\r\n\r\n台灣製造 安全有保障\r\n添加 澳洲茶樹精油\r\n蘆薈萃取 保濕不乾澀\r\n中性親膚 輕鬆洗淨髒污\r\n', 'uploads/85.jpg', 0),
(86, '妙管家抗菌薰衣草地板清潔劑-1加崙產品編號M005', '清潔用品 - 地板清潔劑', '商品名稱：妙管家地板清潔劑(薰衣草)\r\n\r\n特性：\r\n含高效濃縮成份，可有效去除污垢和油漬。\r\n含特殊除菌配方，有效減少大腸桿菌、金黃色葡萄球菌。\r\n添加薰衣草香氣精華，香味怡人。\r\n\r\n容量：1加侖/桶\r\n\r\n裝相規格：4桶/箱\r\n\r\n售價單位：桶 ', 'uploads/86.jpg', 0),
(87, '妙管家玻璃亮光清潔劑650cc附噴槍 產品編號L901', '清潔用品 - 玻璃清潔劑', '12瓶(箱) \r\n\r\n含ACR亮光劑，玻璃擦拭後更亮麗\r\n具AG-03抗靜電劑，形成保護膜，防止灰塵、毛屑再附著\r\n不殘留水痕，水亮潔淨\r\n具防霧效果，開始好視野，行車最安全\r\n\r\n適用範圍：玻璃、鏡子、鋁門窗、汽車玻璃、電視電腦螢幕 產品規格\r\n\r\n容量：650gm\r\n\r\n主要成分：界面活性劑、亮光劑、抗靜電劑等', 'uploads/87.jpg', 0),
(88, '白博士泡沫廚房強力清潔劑(噴槍) 產品編號M001-1', '清潔用品 - 廚房清潔劑', '白博士的效果最佳600cc  \r\n\r\n特殊泡沫噴霧型配方，可強力透入油污內層，乳化厚重油污，\r\n並迅速帶離表面；可在垂直表面、懸吊面附著厚重泡沫，\r\n泡沫平貼表面、不易滑落不滴水\r\n能有效去除廚房之大腸桿菌、金色葡萄球菌、雜菌(細菌、真菌)\r\n品質溫和不傷手、不嗆鼻', 'uploads/88.webp', 0),
(89, '花仙子馬桶 水管疏通劑960cc 產品編號M901', '清潔用品 - 其他(掃除用具)', '主要成分	高效能苛性鈉、界面活性劑、色料\\\r\n\r\n規格	960cc\r\n原產地	台灣\r\n保存期限	5年\r\n\r\n迅速解決馬桶阻塞問題\r\n通馬桶內毛髮、油垢、菜渣非塑膠、非金屬、非硬物之異物\r\n本產品僅適用於馬桶阻塞問題', 'uploads/89_1760348161.jpg', 0),
(90, ' T霸木質地板清潔劑4公升 產品編號L001-1', '清潔用品 - 地板清潔劑', ' T霸木質地板清潔劑\r\n\r\n 一瓶4000ML 一加侖\r\n\r\n適合公共場所量大使用 可節省成本', 'uploads/90_1758263111.jpg', 0),
(91, 'T霸木質地板亮光蠟4公升 產品編號L002-2', '清潔用品 - 地板清潔劑', '一加侖T霸木質地板臘\r\n\r\n一瓶4000ML 一加侖\r\n\r\n適合公共場所量大使用 可節省成本\r\n\r\n特殊亮光持久配方\r\n無刺鼻味\r\n使用簡單方便\r\n保護木質地板\r\n防塵防靜電\r\n', 'uploads/91_1758262946.jpg', 0),
(92, '妙管家洗衣乳4000cc 產品編號M015', '清潔用品 - 妙管家系列', '品牌名稱	\r\n妙管家	\r\n\r\n容量	\r\n4000ml\r\n\r\n適用於	\r\n一般衣料\r\n\r\n商品規格	\r\n主商品容量:4000g *4入', 'uploads/92.webp', 0),
(93, '妙管家柔軟精 產品編號M014', '清潔用品 - 妙管家系列', '妙管家 抗菌柔軟護衣精 (經典玫瑰香) 3000ml\r\n\r\n柔順衣物纖維，防止衣服縐折\r\n植物性配方，環保易分解\r\n有效去除並防止衣物產生靜電', 'uploads/93.jpg', 0),
(94, '小便斗三效劑320cc', '芳香/除臭用品 - 小便斗除臭芳香清潔', '小便斗三效劑320cc\r\n\r\n\r\n用途：清潔‧除臭\r\n\r\n規格：320cc/12罐/箱\r\n', 'uploads/94.jpg', 0),
(95, '水性香水瓶', '芳香/除臭用品 - 芳香噴霧機', '8瓶/盒\r\n\r\n1瓶可定量噴灑30天香味持久\r\n可搭贈噴霧機', 'uploads/95.webp', 0),
(96, '去味大師芳香劑-檸檬350ml 產品編號Z022', '芳香/除臭用品 - 芳香除臭劑', '去味消臭花香清新\r\n\r\n容量	\r\n350ml\r\n\r\n適用於	\r\n臥室客廳浴室室內室外玄關\r\n\r\n保存期	\r\n3年保存期\r\n商品未拆封使用\r\n商品規格	\r\n24瓶/箱', 'uploads/96.jpg', 0),
(97, '小便斗三角除臭劑 產品編號C009', '芳香/除臭用品 - 芳香除臭劑', '24個/盒\r\n\r\n約90公克(每個)\r\n\r\n■ 主要成份  :  對二氯苯\r\n\r\n產品特色： \r\n■ 除臭 , 芳香 , 防蟲', 'uploads/97.jpg', 0),
(99, '20兩白毛巾 產品編號5017-6', '其他餐飲用品 - 毛巾/抹布', '20兩白毛巾-厚-台灣製造33*76公分\r\n12條/包\r\n\r\n【商品介紹】\r\n• 柔軟吸水，不易掉毛\r\n• 大尺寸方便清潔\r\n• 鎖邊縫線，邊緣不脫線\r\n• 透氣良好，不易發臭', 'uploads/99.jpg', 0),
(100, '軟性洗碗精(4公升)歐易 產品編號L901', '清潔用品 - 沙拉脫/漂白水', '商品名稱：歐易洗碗精3600ml 4桶/箱\r\n另有20公升5加侖/大桶裝(空瓶可回收30元)\r\n\r\n商品詳介品質溫和 穩定 不會咬手 洗淨力強\r\n\r\n規格：3500ml\r\n\r\n包裝規格：4桶/箱\r\n\r\n售價單位：桶 \r\n\r\n中性濃縮洗碗精，餐廳廚房專用\r\n\r\n品質精純、好沖、好洗、不殘留\r\n\r\n本商品禁用於食品\r\n品牌 :    歐易', 'uploads/100.jpg', 0),
(101, '漂白水(4公升)愛蜜麗 產品編號L902', '清潔用品 - 沙拉脫/漂白水', '3600ML*4桶/箱\r\n另有20公升5加侖/大桶裝(空瓶可回收30元)\r\n\r\n愛蜜麗強力漂白水高濃度 次氯酸鈉漂白劑 除臭 漂白 去污漬 \r\n\r\n殺菌、清潔、除臭、去油污\r\n\r\n去除與漂白日常衣物之染黃、髒黑。\r\n\r\n使用方法：洗衣粉溶解後，再加漂白水，\r\n\r\n然後按平常洗衣方式，清洗即可。\r\n', 'uploads/101.jpg', 0),
(102, '妙管家濃縮洗衣粉 產品編號L016', '清潔用品 - 妙管家系列', '10公斤裝/包\r\n\r\n濃縮洗淨配方，溶解性高，洗淨力強\r\n\r\n\r\n去除領口、袖口污垢很輕鬆\r\n\r\n\r\n洗後不殘留，不傷害衣物纖維\r\n\r\n\r\n不含全磷酸鹽，溫和洗淨不傷手', 'uploads/102.jpg', 0),
(103, '台塑濃縮洗衣粉 產品編號L015', '清潔用品 - 妙管家系列', '商品名稱 台塑生醫 台麗 強效 洗衣粉\r\n\r\n類型	洗衣精\r\n功能	洗淨\r\n香味	無香味\r\n環保標章	無\r\n包裝	袋裝\r\n容量	10KG\r\n產地	台灣', 'uploads/103.webp', 0),
(104, '台塑片鹼25公斤裝 產品編號L015-1', '清潔用品 - 其他(掃除用具)', '名稱：片鹼、鹼片又稱為氫氧化鈉\r\n容量：25公斤/包\r\n\r\n說明：白色半透明片狀固體，片鹼是基本化工原料\r\n用途:可通排水管，於廚房、保養場等重油污處所去油污專用、DIY手工肥皂材料\r\n※片鹼屬於強鹼，溶解時需小心噴濺，若不小心噴濺請用大量清水沖洗\r\n※建議使用冷水溶開，溶解過程會冒煙發熱，請斟酌使用手套和口罩，並保持室內空氣流通', 'uploads/104.jpg', 0),
(105, '3M海綿菜瓜布2入包 產品編號Z005-1', '清潔用品 - 其他(掃除用具)', '3M百利菜瓜布2入/包50包/箱(一面海綿一面綠菜瓜布)\r\n\r\n3M黑金鋼鍋刷菜瓜布  1入/包\r\n\r\n3M捲式菜瓜布  60片/捲\r\n\r\n3M海綿菜瓜布  2入/包\r\n\r\n3M綠勇士菜瓜布  2入/包', 'uploads/105.jpg', 0),
(106, '卡好乳膠工作手套8-1/2*16號 產品編號Z008-5', '其他餐飲用品 - 各式手套', '卡好乳膠工作手套9*16號\r\n卡好乳膠工作手套8-1/2號\r\n12條/盒\r\n', 'uploads/106.jpg', 0),
(107, '輕便雨衣-長袖型 產品編號N007             ', '其他餐飲用品 - 保鮮膜/登高椅/除蟲藥/其他', '品名:成人輕便雨衣 一般成人 (長袖型)/一個入\r\n* 長袖型,長袖束手.(可重複使用)\r\n\r\n* 材質 LDPE聚乙烯塑料\r\n', 'uploads/107.webp', 0),
(108, '科技泡棉 產品編號Z011', '清潔用品 - 其他(掃除用具)', '名稱：科技泡棉\r\n11長*7寬*2.6公分厚                                    \r\n數量24入/包\r\n\r\n保存方法：不使用時請置於乾燥陰凉處\r\n\r\n用途：清潔用', 'uploads/108.jpeg', 0),
(109, 'PVC無粉手術手套 產品編號Z008-6', '其他餐飲用品 - 各式手套', 'PVC無粉手術手套\r\n100雙/盒  10盒/箱\r\n有.XL.-.L  -  M  -  .S 4種規格\r\n\r\n主要產品包括：\r\n一般 無粉PVC 手套\r\n \r\n產品用途：\r\n醫療檢診用、電子業用、食品業用、美髮美容業以及各項工業、家庭用途\r\n \r\n產品特色：\r\n柔軟、好穿戴、舒適性佳、無粉塵過敏源污染', 'uploads/109.jpg', 0),
(110, '定量芳香噴霧機 產品編號C002', '芳香/除臭用品 - 芳香噴霧機', '定量芳香噴霧機\r\n可定時 定量 感光時在噴 杜絕浪費\r\n機體材質：聚丙烯（簡稱PP）2顆3號電池 可續航1個月\r\n補充瓶：250毫升/300毫升 芳香噴霧罐皆適用', 'uploads/110_1760348413.jpg', 0),
(111, '噴式香水罐 產品編號C0011', '芳香/除臭用品 - 芳香除臭劑', '噴式香水罐[鐵罐]300cc可噴3000次\r\n12瓶(條)\r\n8種香味(檸檬,紫羅蘭,柔情香水,玉蘭,桂花….)', 'uploads/111_1758275032.jpg', 0),
(112, '盒裝面紙        產品編號50033', '紙類用品 - 面紙', '200抽雙層*40盒/箱\r\n100%原生紙漿五月花代工廠自有品牌', 'uploads/112.jpg', 0),
(113, '手扒雞手套100入/盒 產品編號B050', '其他餐飲用品 - 各式手套', '100個/盒*100盒/箱\r\n\r\n品名：手扒雞手套\r\n\r\n材質：HDPE（高密度聚乙烯）\r\n\r\n包裝：100支/盒   100盒/箱', 'uploads/113_1758507395.jpg', 0),
(114, '20兩布工作手套1打裝 產品編號Z008-1', '其他餐飲用品 - 各式手套', '包裝：12雙/打\r\n\r\n材質：棉紗\r\n\r\n保存期限：常溫下10年\r\n\r\n產地：臺灣\r\n\r\n用途：一般工作者、搬運、園藝、機械維修、擦油漆', 'uploads/114.jpg', 0),
(115, '醫療口罩50入-台灣製造雙鋼印產品 編號Z012-1', '防疫專區 - 口罩', '50入/盒*40盒/箱\r\n\r\n• 使用材質:不織布.三層不織布結構\r\n\r\n• 使用方式:\r\n1.將耳帶處搓揉左右撕開或鬆緊帶。\r\n2.置於臉部,兩端之耳帶輕扣於雙耳。\r\n3.調整上方的鼻梁處及下巴處感覺舒適,服貼即可。\r\n4.當感覺有異味時,請立即更換新品使用。', 'uploads/115.jpg', 0),
(116, '噴效殺蟲液700cc 產品編號U020', '其他餐飲用品 - 保鮮膜/登高椅/除蟲藥/其他', '消滅居家害蟲，一噴就見效\r\n低刺激速效水性乳化技術配方\r\n 藥物刺激性低、無臭味\r\n產品規格  700ml', 'uploads/116.jpg', 0),
(117, ' 94*110-50斤垃圾袋  產品編號L010-72', '垃圾袋 - 牛皮紙袋經濟大包裝', ' 94*110-50斤垃圾袋(白色/黑色) 25公斤\r\n 85*105頂好垃圾袋(白色/黑色)  8入/包 20包/箱\r\n\r\n\r\n\r\n各種型號 50. 40. 30. 25. 20. 15. 10斤大                        顏色包裝皆齊全\r\n****特殊規格可依您需求訂製****\r\n****特殊規格可依您需求訂製****\r\n****特殊規格可依您需求訂製****', 'uploads/117.jpg', 0),
(118, '3入無心捲式垃圾袋 產品編號L008', '垃圾袋 - 捲式垃圾袋', '無心捲式垃圾袋3支/包*24包/袋= 72支/袋 顏色隨機\r\n特大72*94\r\n大64*82\r\n中54*72\r\n小46*62 cm', 'uploads/118.jpg', 0),
(119, '50斤黑-白-垃圾袋-捲式 產品編號L006', '垃圾袋 - 捲式垃圾袋', '數量：1捲/1包*6捲/袋\r\n顏色：黑色:白色 偕有\r\n尺寸  : 94cm寬120cm長\r\n', 'uploads/119.jpg', 0),
(120, '台塑無心捲垃圾袋 產品編號L102', '垃圾袋 - 捲式垃圾袋', '台塑無心捲垃圾袋小\r\n72張支*30支/箱\r\n30捲/箱-寬43*長56cm\r\n\r\n台塑無心捲垃圾袋中\r\n54張支*30支/箱\r\n30捲/箱-寬53*長63cm\r\n\r\n台塑無心捲垃圾袋大\r\n30張支*30支/箱\r\n30捲/箱-寬65*長80cm', 'uploads/120.png', 0),
(121, '紙包雙生筷 產品編號C004', '紙杯/免洗餐具 - 免洗餐具/盒', '商品名稱：雙生紙包竹筷\r\n\r\n商品詳介\r\n\r\n袋裝：20包/箱\r\n\r\n售價單位：箱\r\n\r\n****滿5箱可定製店名印刷精美設計****', 'uploads/121.jpg', 0),
(122, '筷套500個/串 產品編號C004-10', '訂製/各式廣告印刷 - 餐墊紙、紙毛巾、筷套印刷', '紙筷套500入\r\n\r\n紫色-尺寸: 約14.5cm\r\n\r\n500個/串\r\n25000/箱\r\n\r\n****滿50000個可定製店名印刷精美設計****\r\n****滿50000個可定製店名印刷精美設計****\r\n****滿50000個可定製店名印刷精美設計****', 'uploads/122.jpg', 0),
(123, '紙包牙籤刷 產品編號Z010-2', '紙杯/免洗餐具 - 免洗餐具/盒', '1000支/盒\r\n50盒/箱\r\n\r\n****滿2箱可定製店名印刷精美設計****\r\n****滿2箱可定製店名印刷精美設計****\r\n****滿2箱可定製店名印刷精美設計****\r\n', 'uploads/123.webp', 0),
(125, '竹咖啡調棒產品編號C0043', '紙杯/免洗餐具 - 免洗餐具/盒', '商品名稱：竹咖啡調棒\r\n\r\n包裝規格：250支/包   \r\n\r\n裝箱規格：20包/箱\r\n\r\n', 'uploads/125.webp', 0),
(126, '竹串 產品編號C004-6', '紙杯/免洗餐具 - 免洗餐具/盒', '竹串\r\n\r\n材質:孟宗竹\r\n\r\n各尺吋齊全\r\n\r\n包裝方式:\r\n\r\n一箱20包', 'uploads/126.jpg', 0),
(127, '水果叉 產品編號C006-1', '紙杯/免洗餐具 - 免洗餐具/盒', '包裝:50支/包*10包/盒*【50盒/箱 】\r\n\r\n材質：孟宗竹\r\n\r\n', 'uploads/127.webp', 0),
(128, '膠包孟宗竹筷 產品編號C0042', '紙杯/免洗餐具 - 免洗餐具/盒', '孟宗5.5竹筷\r\n\r\n尺寸:長19.5cm X 寬0.55cm\r\n\r\n數量:100雙/包    30包/件', 'uploads/128.jpg', 0),
(129, '耐熱袋產品 編號N001', '紙杯/免洗餐具 - 免洗餐具/盒', '捲式/包式 耐熱帶\r\n高密度強力耐熱袋\r\n\r\n***4兩 六兩 半斤 1斤 2斤 3斤 5斤 10斤規格齊全***\r\n***4兩 1斤 2斤 3斤 5斤 5斤規格齊全***\r\n***4兩 1斤 2斤 3斤 5斤 5斤規格齊全***\r\n\r\n原料：高密度聚乙烯 \r\n用途：冷藏 保鮮 熱食包裝  \r\n適用溫度：-15度Ｃ~ +110度C', 'uploads/129.webp', 0),
(130, '環保手提袋產品編號N003', '紙杯/免洗餐具 - 免洗餐具/盒', '材質：高密度聚乙烯 \r\n\r\n款式：半斤.1.2.3.5.10.15斤規格齊全\r\n\r\n重量：每包重量±5%公克。\r\n\r\n規格:10包1串\r\n\r\n', 'uploads/130.jpg', 0),
(131, '環保扁紙杯產品編號B001-3', '紙杯/免洗餐具 - 紙杯', '規 格：環保扁紙杯100cc(全空白)\r\n數　　量：100入/包\r\n尺　　寸：長10.1 x 寬6.4 x 高4.0 cm\r\n重　　量：118g\r\n容　　量：100cc\r\n單 位：10000個/箱\r\n\r\n\r\n****滿50000個可定製店名印刷精美設計****\r\n****滿50000個可定製店名印刷精美設計****\r\n****滿50000個可定製店名印刷精美設計****', 'uploads/131.jpg', 0),
(132, '30cc試飲膠杯產品編號B006-1', '紙杯/免洗餐具 - 食品級透明飲料杯', '商品名稱：	30cc塑膠試飲杯\r\n\r\n容　　量：	30cc\r\n\r\n規　　格：	5000個/箱', 'uploads/132_1758279283.jpg', 0),
(133, '紙包牙線棒 產品編號Z010', '其他餐飲用品 - 保鮮膜/登高椅/除蟲藥/其他', '1000支/包(全空白)', 'uploads/133_1759419304.jpg', 0),
(134, '捲邊170cc膠杯產品編號B004', '紙杯/免洗餐具 - 食品級透明飲料杯', '40個*60串\r\n塑膠茶杯-透明色 170cc \r\n一箱約2400個塑膠杯\r\n捲邊杯\r\n\r\n****有PP白色和透明或PS白色材質****\r\n****有PP白色和透明或PS白色材質****\r\n****有PP白色和透明或PS白色材質****', 'uploads/134.jpg', 0),
(135, '2.5oz試飲紙杯產品編號B006', '紙杯/免洗餐具 - 紙杯', '產品名稱：2.5oz冷熱共用杯-白\r\n\r\n產品項目：冷熱共用杯\r\n淋膜規格：雙面PP淋膜(雙P)\r\n入箱數：40pks*50pcs\r\n材質：紙漿、PP塑膠淋膜\r\n產地：台灣\r\n產品規格(口徑/底徑/高)：\r\n52*36*52 mm\r\n外箱尺寸： 430*275*290 mm\r\n容量：75 ml', 'uploads/135.jpg', 0),
(136, '各式紙杯', '紙杯/免洗餐具 - 紙杯', '6.5oz紙杯台製\r\n205cc紙杯-全空白\r\n270cc紙杯台製飲料杯\r\n\r\n2000個/箱\r\n****滿60000個可定製店名印刷精美設計****\r\n\r\n8oz咖啡杯  \r\n50入/串 20串/箱\r\n****滿50000個可定製店名印刷精美設計****\r\n', 'uploads/136.jpg', 0),
(137, '平蓋/凸蓋', '紙杯/免洗餐具 - 免洗餐具/盒', '平蓋\r\n2000個/箱\r\n\r\n凸蓋\r\n1000個/箱', 'uploads/137.jpg', 0),
(138, '2杯飲料架（粉紅色）', '紙杯/免洗餐具 - 免洗餐具/盒', '', 'uploads/138.webp', 0),
(139, '牛皮方形抱袋-外帶紙袋 產品編號Z033', '紙杯/免洗餐具 - 免洗餐具/盒', '外帶環保牛皮紙袋\r\n各尺寸 請來電洽詢\r\n無零售 以一箱出貨', 'uploads/139_1758507272.jpg', 0),
(140, '好潔鋁箔紙 產品編號N006', '其他餐飲用品 - 保鮮膜/登高椅/除蟲藥/其他', '好潔鋁箔紙30CM寬/75尺長\r\n24支/箱\r\n\r\n好潔 鋁箔紙45CM寬 37.5呎長\r\n24支/箱\r\n厚0.19mmX45cm長25FT±5%\r\n\r\n好潔 鋁箔紙 75呎/支\r\n30cmX22.8M/支\r\n\r\n本品無毒.不可微波!\r\n', 'uploads/140.jpg', 0),
(141, '南亞保鮮膜200尺產品編號Z001-1', '其他餐飲用品 - 保鮮膜/登高椅/除蟲藥/其他', '南亞保鮮膜 200尺\r\n60支/箱\r\n\r\n【產品規格】\r\n尺寸：寬30cm×長度200尺\r\n材質：PVC\r\n耐熱：100ºC', 'uploads/141.webp', 0),
(143, '彎型湯匙6000型  產品編號B005', '紙杯/免洗餐具 - 免洗餐具/盒', '彎型湯匙(6000型)白色湯匙\r\n\r\n\r\n1包約120個\r\n免洗 pp 彎型湯匙 塑膠湯匙 外帶用\r\n耐熱：100攝氏度', 'uploads/143.jpg', 0),
(145, '小茶匙產品 編號B008', '紙杯/免洗餐具 - 免洗餐具/盒', '規格尺寸 · 2.3cm*10cm/支\r\n\r\n包裝規格 · 100支/包\r\n\r\n裝箱規格 · 100支/100包/箱(10000支/箱) \r\n\r\n材質 · PS(聚苯乙烯) ; 耐熱度 · 75度C+-5%.', 'uploads/145.jpg', 0),
(146, '波霸吸管  產品編號C008-3', '紙杯/免洗餐具 - 免洗餐具/盒', '波霸吸管\r\n\r\n有0.8X21公分\r\n\r\n1.2X21公分\r\n\r\n尚有單支塑膠包BOPP', 'uploads/146.jpg', 0),
(147, '藝術吸管 產品編號C36271', '其他餐飲用品 - 藝術吸管', '藝術吸管\r\n黑色/混色\r\n\r\n100支/包\r\n40包/箱\r\n\r\n顏色鮮豔 種類眾多\r\n57節灣管可做造型\r\n\r\n\r\n\r\n', 'uploads/147.jpg', 0),
(148, '封箱膠帶100M 產品編號Z030', '其他餐飲用品 - 保鮮膜/登高椅/除蟲藥/其他', '商品名稱：封箱膠帶  炎洲品牌\r\n\r\n商品單位：6捲 /串 120捲(箱)\r\n\r\n商品規格：2吋 (48mmx90y)\r\n\r\n\r\n用途及使用方法：包裝物品封箱專用\r\n\r\n主要材質：丙烯酸 BOPP 膜及環保水性壓克力膠', 'uploads/148.jpg', 0),
(149, '橡皮筋-大 產品編號C007', '其他餐飲用品 - 保鮮膜/登高椅/除蟲藥/其他', '', 'uploads/149.jpg', 0),
(150, '3M潤刮泥地墊 產品編號V001', '地墊 - 刮泥墊', '規格\r\n材質：PVC\r\n尺寸：45cm*60cm\r\n重量：900g\r\n顏色：紅、綠、灰、藍、黃、咖啡\r\n產地：台灣製造\r\n****配合您特殊尺寸 規格訂製****\r\n\r\n\r\n線圈纏繞鋪面可刮除泥沙、灰塵、水，保持室內清潔。\r\n\r\n柔軟彈性，踏感舒適，可減輕雙腳久站的疲勞感。\r\n\r\nPVC材質不吸水特性，兼具防水、刮水效果。\r\n\r\n適合置於玄關、店門口、流理臺、廁所入口等。\r\n\r\n\r\n', 'uploads/150.jpg', 0),
(151, '3M潤刮泥地墊-歡迎光臨 產品編號V001', '地墊 - 刮泥墊', '[ 商品材質 ]\r\nPVC膠底\r\n\r\n[ 商品規格 ]\r\n 120x180cm(4x6尺)\r\n\r\n[ 商品樣式 ]\r\n4色 (紅.綠.灰.咖啡)\r\n\r\n****配合您特殊尺寸 規格訂製****', 'uploads/151.jpg', 0),
(152, '3M潤刮泥地墊-中文加英文 產品編號V001', '地墊 - 刮泥墊', '黏附腳底灰塵及髒東西能力強，易清洗，抗壓耐磨，加上斗大顯眼、一目了然的歡迎光臨字樣。\r\n居家清潔第一道守門員，室內室外都適用，讓您不再害怕地板會被踏得髒兮兮的。\r\n不沾灰塵汙泥，易清理，常保潔淨美觀。\r\n開放網狀結構可去除，鎖住並且隱藏大量髒污，且容易清洗。\r\n彈力螺旋狀設計，可刷清鞋底髒污。\r\n[ 商品材質 ]\r\nPVC膠底\r\n\r\n[ 商品規格 ]\r\n 120x180cm(4x6尺)\r\n\r\n****配合您特殊尺寸 規格訂製****', 'uploads/152.jpg', 0),
(153, '3M阿帕契條紋吸水墊 產品編號V002', '地墊 - 吸水墊', '3M阿帕契條紋吸水墊\r\n尺寸: 1.5*2 / 4*6\r\n\r\n優質耐用材質 磨蹭不掉毛\r\n迅速吸水 快速揮發\r\n隨意裁剪 邊緣平整不散邊\r\n各種顏色  樣式齊全\r\n\r\n****配合您特殊尺寸 規格訂製****\r\n', 'uploads/153.jpg', 0),
(155, ' 傘桶/傘架', '機台/垃圾桶/傘架 - 傘架', '不銹鋼雨傘架--20人份\r\n35*38*65H\r\n\r\n不銹鋼雨傘架--40人份\r\n63*38*65H\r\n\r\n****產品種類型號眾多 無法全列 請來電洽詢****\r\n****產品種類型號眾多 無法全列 請來電洽詢****\r\n****產品種類型號眾多 無法全列 請來電洽詢****', 'uploads/155.jpg', 0),
(156, '不銹鋼雨傘套架', '機台/垃圾桶/傘架 - 傘架', '不銹鋼雨傘套架\r\n75*14*82H\r\n\r\n****產品種類型號眾多  無法全列  請來電洽詢****\r\n****產品種類型號眾多  無法全列  請來電洽詢****\r\n****產品種類型號眾多  無法全列  請來電洽詢****', 'uploads/156.jpg', 0),
(157, '雨傘套 產品編號N004', '機台/垃圾桶/傘架 - 傘架', '200張/包\r\n71長*13寬公分 ', 'uploads/157.jpg', 0),
(158, '圓形傘桶', '機台/垃圾桶/傘架 - 傘架', '尺寸  寬59cm以下\r\n\r\n材質  不銹鋼\r\n\r\n組裝方式  免組裝\r\n\r\n不易生鏽 良好抗蝕\r\n堅固耐用 品質保證\r\n適用診所、餐廳、郵局、圖書館\r\n\r\n', 'uploads/158.jpg', 0),
(159, '不銹鋼標示架/掛式圍欄', '其他餐飲用品 - 保鮮膜/登高椅/除蟲藥/其他', '不銹鋼標示架\r\n45*60*142H\r\n\r\n不銹鋼掛式圍欄\r\n36*90H', 'uploads/159.jpg', 0),
(160, '101安全蓋酒精膏  產品編號G101', '燃料類 - 酒精膏', '安全蓋酒精膏650cc/ 特大酒精膏1000cc\r\n24瓶(箱)\r\n酒精膏產品燃燒持久 無煙無臭', 'uploads/160_1758200333.jpg', 0),
(161, '火罐頭.      產品編號G201', '燃料類 - 火罐頭', '歐式專用火罐頭230g\r\n80罐/箱\r\n\r\n燈蕊安全火罐頭230g可燃燒6小時\r\n36罐(箱)\r\n\r\n燈蕊火罐頭補充罐1000cc\r\n12瓶(箱)]\r\n可補充燈蕊降低成本 火源穩定 不暴燃', 'uploads/161_1760347272.jpg', 0),
(163, ' 酒精水 產品編號G111', '燃料類 - 酒精膏', '商品描述\r\n工業酒精水99.9%\r\n500cc/1000cc/瓶\r\n\r\n粉紅色 24瓶/箱\r\n\r\n', 'uploads/163_1758200267.jpg', 0),
(165, '酒精塊-真空包裝 產品編號G206-1', '燃料類 - 酒精塊', '200粒/箱\r\n\r\n固態酒精塊/酒精丸(單顆真空包裝)\r\n\r\n不擴散固體酒精，輕鬆生火不費力\r\n可用於野炊、外燴辦桌、烤肉、露營使用\r\n\r\n尺寸：直徑4.4公分、高2.3公分重量：約30g\r\n保存方式：酒精丸放陰涼通風處即可 酒精丸屬易燃物品請遠離火源', 'uploads/165_1760347157.jpg', 0),
(167, '噴燈瓦斯罐550ml  產品編號U005', '燃料類 - 瓦斯罐/爐', '產地:臺灣\r\n\r\n規格:24罐(箱)\r\n\r\n空罐容量 : 450 C.C.\r\n\r\n淨重 : 220g\r\n\r\n【產品說明】\r\n\r\n本產品屬為各類迷你爐具適用，即卡式爐具專用瓦斯罐，並請勿移作它用。\r\n\r\n【成分說明】\r\n\r\nBUTANE GAS純丁烷', 'uploads/167_1760365240.jpg', 0),
(169, '打火機瓦斯罐產品  產品編號U004', '燃料類 - 瓦斯罐/爐', 'BUTANE GAS 丁烷瓦斯C4H10 \r\n容量：550ml\r\n規格:24罐(箱)\r\n\r\n適用休閒爐、卡式爐、燈系列\r\n適用於登山、露營、烤肉、吃火鍋\r\n通用型瓦斯罐，適合多種品牌爐子', 'uploads/169_1760346999.jpg', 0),
(170, '妙管家卡式瓦斯罐產品編號U006', '燃料類 - 瓦斯罐/爐', '妙管家卡式瓦斯罐\r\n\r\n品牌:妙管家/火順 \r\n規格:48罐/箱\r\n\r\n搭配妙管家休閒爐使用\r\n\r\n隨車攜帶  出遊必備  方便使用', 'uploads/170_1758200214.jpg', 0),
(171, '妙管家,卡式,防風迷你瓦斯爐 產品編號U009', '燃料類 - 瓦斯罐/爐', '迷你、輕巧、攜帶方便\r\n不鏽鋼材質清洗容易\r\n防風裝置火力集中\r\n\r\n經銷妙管家,各型號瓦斯爐 瓦斯罐', 'uploads/171_1763954517.jpg', 0),
(172, '方形資源回收桶', '機台/垃圾桶/傘架 - 垃圾桶', '品名：方型資源回收筒\r\n\r\n材質：PP（聚丙烯）\r\n顏色：綠\r\n尺寸：337 x 287 x 460mm\r\n\r\n材質：PP（聚丙烯）\r\n顏色：綠\r\n尺寸：337 x 287 x 460mm\r\n尺寸：385 x 320 x 558mm\r\n\r\n材質：PP（聚丙烯）\r\n顏色：綠\r\n尺寸：337 x 287 x 460mm\r\n尺寸：506 x 411 x 735mm', 'uploads/172.jpg', 0),
(174, ' 奇立淨工業專用洗手膏產品編號L004-7', '清潔用品 - 洗手乳', '商品描述\r\n容量:2000cc/桶附壓頭  規格:一箱8桶\r\n內含磨砂粒子 四倍e清洗力 有效去油汙\r\n', 'uploads/174.jpg', 1),
(175, '檸檬酸 產品編號002', '清潔用品 - 其他(掃除用具)', '成份:檸檬酸\r\n規格:300g\r\n產地:台灣\r\n\r\n符合食品添加物規格標章\r\n水漬、水垢、皂垢、尿垢輕鬆清除\r\n神奇清潔法', 'uploads/175.jpg', 0),
(176, '小便斗除臭丸.  產品編號L201', '芳香/除臭用品 - 小便斗除臭芳香清潔', '台灣製造。\r\n每顆約可沖500次。\r\n中性，無磷，不傷水箱物件，防止鏽垢。\r\n清潔、除臭、殺菌、芳香、效果奇佳、保持馬桶清新潔亮。\r\n當藍色色澤漸淡時，可視實際使用情形適時再加一顆，以維持清潔效果\r\n \r\n\r\n重量：3kg\r\n\r\n(每顆約35g / 每桶約80顆左右)', 'uploads/176.jpg', 0),
(177, '小蘇打粉 產品編號001', '清潔用品 - 其他(掃除用具)', '用途:廚房清潔\r\n\r\n劑型:粉狀\r\n\r\n容量/重量:1000g\r\n\r\n數量:6入', 'uploads/177.jpg', 0),
(178, '五月花中抽式大捲筒衛生紙架（雙抽款）', '機台/垃圾桶/傘架 - 各式紙架', '五月花中抽式大捲筒衛生紙架（雙抽款）\r\n\r\n尺　　寸：	474.1×245.3mm±5cm\r\n材　　質：	塑膠\r\n\r\n	 \r\n包覆性佳，有效阻隔空氣中可能汙染源。\r\n特殊平面設計，兩個紙架合併無縫隙。\r\n增加使用時間，為客戶節省清潔人事成本。\r\n增加工作效率，降低更換頻率。', 'uploads/178.png', 0),
(179, '五月花中抽紙架 產品編號L01411', '機台/垃圾桶/傘架 - 各式紙架', '五月花 中抽式大捲筒衛生紙架\r\n\r\n尺寸:24.3x24.3x10cm\r\n\r\n此商品須搭配專屬 | 五月花 : 中抽式大捲筒衛生紙 1050抽 x 3捲 x 4袋\r\n包覆性佳，有效阻隔空氣中可能汙染源。\r\n增加使用時間，為客戶節省清潔人事成本。\r\n增加工作效率，降低更換頻率。', 'uploads/179.jpg', 0),
(181, ' 煙灰垃圾箱', '機台/垃圾桶/傘架 - 垃圾桶', '煙灰垃圾箱-1 煙灰垃圾箱-2\r\n尺寸:長25高61 長30寬25高61\r\n\r\n煙灰垃圾箱-3 煙灰垃圾箱-4\r\n長25寬25高61 長40寬32高78\r\n\r\n煙灰垃圾箱-5 煙灰垃圾箱-6\r\n長11.5寬16.5 長38寬35高68\r\n\r\n煙灰垃圾箱-7 煙灰垃圾箱-8\r\n長50寬28高75 長38寬35高68\r\n\r\n煙灰垃圾箱-9 煙灰垃圾箱-10\r\n長45寬35高80 長30寬25高61\r\n\r\n煙灰垃圾箱-11 煙灰垃圾箱-12\r\n長38寬35高68 長60寬50高107', 'uploads/181.webp', 0),
(182, '四分類垃圾桶', '機台/垃圾桶/傘架 - 垃圾桶', '四分類垃圾桶-1                 \r\n長170寬45高110              \r\n\r\n四分類垃圾桶-2\r\n 160寬45高100', 'uploads/182.webp', 0),
(183, '單類大型垃圾箱', '機台/垃圾桶/傘架 - 垃圾桶', '單類大型垃圾箱-1         單類大型垃圾箱-2\r\n長50寬50高82               長40寬32高75\r\n\r\n單類大型垃圾箱-3         \r\n長50寬46高102\r\n\r\n單類大型垃圾箱-5        單類大型垃圾箱6\r\n長60寬45高120            長40寬32高75\r\n\r\n單類大型垃圾箱-7        單類大型垃圾箱8\r\n長50寬42高108            長60寬45高120\r\n\r\n單類大型垃圾箱9          單類大型垃圾箱10\r\n長60寬45高120            長50寬42高108', 'uploads/183.jpg', 0),
(184, '二分類垃圾箱', '機台/垃圾桶/傘架 - 垃圾桶', '貳分類垃圾箱-1 貳分類垃圾箱-2\r\n長62寬47高90  長60寬38高90\r\n\r\n貳分類垃圾箱-3 貳分類垃圾箱4\r\n長70寬38高83 長70寬38高83\r\n\r\n貳分類垃圾箱-5 貳分類垃圾箱6\r\n長70寬38高83 長65寬65高100\r\n\r\n貳分類垃圾箱-7 貳分類垃圾箱-8\r\n長70寬38高83 長86寬36高110\r\n\r\n貳分類垃圾箱雙格\r\n長120寬70高100', 'uploads/184.jpg', 0),
(185, '單類垃圾箱', '機台/垃圾桶/傘架 - 垃圾桶', '單類垃圾箱-1 單類垃圾箱-2\r\n長40寬30高61 長50寬38高80\r\n\r\n單類垃圾箱-3 單類垃圾箱-4\r\n長38寬35高68 長60寬32高80\r\n\r\n單類垃圾箱-5 單類垃圾箱-6\r\n長40寬32高78 長35寬20高61\r\n\r\n單類垃圾箱-7 單類垃圾箱-8\r\n長40寬32高68  長38寬35高68\r\n\r\n單類垃圾箱-9 單類垃圾箱-10\r\n長50寬32高70 長33寬28高70\r\n\r\n單類垃圾箱-11 單類垃圾箱-12\r\n長35寬20高61 長33寬28高62\r\n\r\n單類垃圾箱13 \r\n長33寬28高70', 'uploads/185.jpg', 0),
(186, '回收架', '機台/垃圾桶/傘架 - 垃圾桶', '回收架\r\n\r\n長38寬40高90', 'uploads/186.jpg', 0),
(187, '參分類垃圾箱', '機台/垃圾桶/傘架 - 垃圾桶', '參分類垃圾箱-1 參分類垃圾箱-2\r\n長100寬38高90 長115寬40高98\r\n \r\n參分類垃圾箱-3 參分類垃圾箱-4\r\n長100寬38高90 長78寬40高98\r\n\r\n參分類垃圾箱-5\r\n長130寬45高100', 'uploads/187.jpg', 0),
(188, '擦手紙垃圾箱', '機台/垃圾桶/傘架 - 垃圾桶', '擦手紙垃圾箱\r\n\r\n長40寬30高60', 'uploads/188.jpg', 0),
(189, '防噴濺感溫變色小便斗香芬除臭片  .產品編號C010', '清潔用品 - 廁所清潔劑', '產品說明：\r\n\r\n名稱：奇立淨防噴濺感溫變色小便斗香芬除臭片。\r\n\r\n功能： 結合微生物技術和香芬因子，具有防噴濺、除臭、芳香和感溫變色功能。\r\n\r\n成分： EVA、界面活性劑、香料萃取物。\r\n\r\n用途：用於小便斗，具有芳香和除臭功能，並能防止尿液噴濺。\r\n\r\n特色：\r\n\r\n　　。含有高品質的微生物除臭塊和感溫變色網。\r\n\r\n　　。內嵌式生物酶除臭塊採用緩釋技術，可持續釋放微生物菌。\r\n\r\n　　。富含香芬香味因子，可持續散發香味。\r\n\r\n　　。專業立柱群設計，有助於防止尿液噴濺。\r\n\r\n　　。適用於所有常見的小便斗', 'uploads/189.jpg', 0),
(190, '潔瓷浴廁清潔劑1000cc*12罐/箱 產品編號M003', '清潔用品 - 廁所清潔劑', '除菌 洗淨 晶亮 光滑 除臭 革命性洗垢劑 解除使用鹽酸的危險\r\n馬桶.陶瓷表面光滑 亮麗部易沾染污垢\r\n使用範圍:陳年烏黑尿垢.馬桶尿垢.馬桶水管尿垢.小便斗.磁磚\r\n陳年難洗尿垢 從裡到外.乾淨徹底', 'uploads/190.jpg', 0),
(193, '86*105cm垃圾袋8張包*20包/箱產品編號L007-2', '垃圾袋 - 箱裝好抽取垃圾袋', '白色 黑色都有 8張一包一箱20包=一箱160張\r\n張數量多 不占空間 一包8張拿取控制數量方便', 'uploads/193.jpg', 0),
(194, '50斤垃圾袋單張大袋裝產品編號L010-7', '垃圾袋 - 牛皮紙袋經濟大包裝', '寬94公分長110公分，黑色 白色都有\r\n厚度0.07公分 堅固耐用 牛皮紙袋裝經濟包\r\n特殊規格可依您需求訂製', 'uploads/194.jpg', 0),
(195, '3M黑金剛1001焦炭菜瓜布產品編號Z005-4', '清潔用品 - 其他(掃除用具)', '3M黑金剛焦炭菜瓜布3片一包一箱20包\r\n長15*寬10*厚1cm   \r\n\r\n\r\n', 'uploads/195.jpg', 0),
(196, '3M大綠菜瓜布兩片包產品編號Z005-2', '清潔用品 - 其他(掃除用具)', '3M兩片包菜瓜布  一箱50包', 'uploads/196.jpg', 0),
(197, '一字型拖把產品編號Z015', '其他餐飲用品 - 保鮮膜/登高椅/除蟲藥/其他', '尺寸有一字型\r\n6吋 8吋 1尺 1尺2', 'uploads/197.jpg', 0),
(198, '圓形拖把 產品編號Z015-3', '其他餐飲用品 - 保鮮膜/登高椅/除蟲藥/其他', '圓形 好拖 無死角', 'uploads/198.jpg', 0),
(199, '94*110cm垃圾袋6張/包*20包/箱產品編號L007-', '垃圾袋 - 箱裝好抽取垃圾袋', '白色 黑色都有 6張一包一箱20包=一箱120張\r\n張數量多 不占空間 一包8張拿取控制數量方便', 'uploads/199.jpg', 0),
(200, '台塑垃圾袋大65*75cm30張/捲產品編號L100', '垃圾袋 - 捲式垃圾袋', '台塑垃圾袋-大-尺寸65*75 CM \r\n30張一卷一箱有30卷\r\n顏色有粉紅色 藍色', 'uploads/200.jpg', 0),
(201, '台塑垃圾袋-中54張/捲產品編號L101', '垃圾袋 - 捲式垃圾袋', '台塑垃圾袋-中-尺寸53*63 CM \r\n54張一卷一箱有30卷\r\n顏色有粉紅色 透明', 'uploads/201.jpg', 0),
(202, '盒裝垃圾袋 產品編號L0071', '垃圾袋 - 箱裝好抽取垃圾袋', '一盒4公斤裝\r\n抽取方便  各尺寸 顏色齊全\r\n輕巧不佔空間', 'uploads/202.jpg', 0),
(203, '台塑垃圾袋小72張 產品編號L102', '垃圾袋 - 捲式垃圾袋', '台塑垃圾袋-小-尺寸43*56 CM \r\n72張一卷 一箱有30卷\r\n顏色粉紅色 ', 'uploads/203.jpg', 0),
(204, '經濟包 袋裝牛皮紙袋裝垃圾袋外保裝', '垃圾袋 - 牛皮紙袋經濟大包裝', '現貨各尺寸 ：135*145  ：115*125  ：94*110 ： 83*100  ：66*80  ：53*63  ：45*58公分\r\n顏色：透明：霧白色 ；黑色：藍色：紅色\r\n\r\n厚度0.7：0.5：0.4：0.3：0.25mm\r\n 顏色厚度尺寸齊全\r\n特殊尺寸 開放訂製不加價\r\n\r\n', 'uploads/204.jpg', 0),
(205, '食器專用沙拉脫(800ml)', '清潔用品 - 沙拉脫/漂白水', '中性食器專用沙拉脫\r\n800ml*12罐/箱', 'uploads/205.jpg', 0),
(206, '洗碗精 漂白水20公升加侖桶裝', '清潔用品 - 沙拉脫/漂白水', '大桶裝經濟實惠\r\n空桶可回收退錢', 'uploads/206.jpg', 0),
(207, '各式掃具', '其他餐飲用品 - 保鮮膜/登高椅/除蟲藥/其他', '各式掃把\r\n塑膠掃把 黑棕掃 大地刷\r\n塑膠畚箕 白鐵畚箕', 'uploads/207.jpg', 0),
(208, 'NBR耐酸鹼手套黑色 產品編號Z008-6LL', '其他餐飲用品 - 各式手套', 'NBR耐酸鹼手套黑色100入/盒\r\n10盒/箱 厚的', 'uploads/208.jpg', 0),
(209, '康乃馨手套加長型L號 產品編號Z008-3', '其他餐飲用品 - 各式手套', '一盒12雙', 'uploads/209.jpg', 0),
(210, '好神拖手壓/組 產品編號Z032', '清潔用品 - 其他(掃除用具)', '手壓型 踩踏型 \r\n附一桶一桿一布盤  \r\n可單購 桿子 布盤', 'uploads/210.jpg', 1),
(211, '妙管家公道漂白水2000ml產品編號M013', '清潔用品 - 妙管家系列', '漂白 除菌 去漬 抗菌99.9%\r\n2000ml/瓶一箱6瓶', 'uploads/211.jpg', 0),
(212, '四方白抹布 產品編號5017-6', '其他餐飲用品 - 毛巾/抹布', '台灣製造 33*35cm12條入/包\r\n品質保證  20兩重/包 厚度足', 'uploads/212.jpg', 0),
(213, '卡好乳膠手套12雙/盒產品編號Z008', '其他餐飲用品 - 各式手套', '紅白雙色乳膠手套\r\n一盒12雙  7號7.5號8號8.5號', 'uploads/213.jpg', 0),
(214, '耐酸鹼藍色手術手套100入/盒 產品編號Z008-7L', '其他餐飲用品 - 各式手套', '耐酸鹼手套 藍色100入/盒\r\n10盒/箱', 'uploads/214.jpg', 0),
(215, '好又多膠棉拖把 產品編號Z015-1', '清潔用品 - 其他(掃除用具)', '膠棉拖把  好清潔 易脫水\r\n膠棉拖把頭 可單買替換\r\n20隻/箱  可零售', 'uploads/215.jpg', 0),
(216, '塑膠畚斗 產品編號Z016', '清潔用品 - 其他(掃除用具)', '好清潔 低成本', 'uploads/216.jpg', 0),
(217, '3M85除垢菜瓜布50片/捲 產品編號Z006', '清潔用品 - 其他(掃除用具)', '一捲50片 除垢力強\r\n裁切線易撕\r\n一箱有四卷', 'uploads/217.jpg', 0),
(218, '新料垃圾袋400張一袋全透明 產品編號L007-20', '垃圾袋 - 牛皮紙袋經濟大包裝', '尺寸94*105公分厚度0.025公分\r\n400張/袋 新料全透明\r\n一張一張折疊好拿取', 'uploads/218.jpg', 0),
(219, '扁紙杯架壓克力 產品編號L014-5', '機台/垃圾桶/傘架 - 各式紙架', '可放3包扁紙杯', 'uploads/219.jpg', 0),
(220, '燈蕊火罐頭補充油1000cc*12罐產品編號G204', '燃料類 - 火罐頭', '一罐可補充四罐燈蕊罐頭 環保又省錢', 'uploads/220.jpg', 0),
(221, '浴廁清潔劑500cc*24罐入 產品編號G301', '清潔用品 - 廁所清潔劑', '（鹽酸）', 'uploads/221.jpg', 0),
(222, '純柔大抽取式衛生紙48包 產品編號5033-2', '紙類用品 - 抽取式衛生紙', '兩層*100抽*8包*6袋=48包/箱', 'uploads/222.jpg', 0),
(223, '高纖清潔巾12條/包 產品編號5017-15', '其他餐飲用品 - 毛巾/抹布', '30*30公分一包12條\r\n顏色有\r\n條紋 ：藍色或兩面兩種顏色藍色紫色', 'uploads/223.jpg', 0),
(224, '萬年桶產 品編號Z020', '機台/垃圾桶/傘架 - 垃圾桶', '萬年桶 垃圾桶橘色附蓋\r\n各個尺寸\r\n詳見圖表', 'uploads/224.jpg', 0),
(225, '奶酪黏鼠板2片/組產品編號Z018', '其他餐飲用品 - 保鮮膜/登高椅/除蟲藥/其他', '兩片一組有分大片小片\r\n小片寬15公分*長25公分\r\n大片寬24.5長29.5公分', 'uploads/225.jpg', 0),
(226, '金屬保養油4公升/桶', '清潔用品 - 萬用清潔劑', '親\r\n金屬保養油4公升一桶一箱有四桶', 'uploads/226.jpg', 0),
(227, '兩輪拖桶', '機台/垃圾桶/傘架 - 垃圾桶', '兩輪拖桶尺寸 祥見照片', 'uploads/227.jpg', 0),
(228, '不鏽鋼大捲筒衛生紙架', '機台/垃圾桶/傘架 - 各式紙架', '不鏽鋼大捲筒衛生紙架\r\n另有\r\n全黑不鏽鋼大捲衛生紙架', 'uploads/228_1758767184.png', 0),
(229, '單支包紙包牙籤1000隻一盒 產品編號c006', '紙杯/免洗餐具 - 免洗餐具/盒', '一盒1000支 可訂一盒\r\n一箱50盒\r\n買一箱可單色客製印刷', 'uploads/229.jpg', 0),
(230, '7oz特厚空白紙杯2000個/箱 產品編號B001', '紙杯/免洗餐具 - 紙杯', '特厚全空白無印刷205cc紙杯\r\n50個/串*40串/箱=2000個箱\r\n單P雙P都有', 'uploads/230.jpg', 1),
(231, '各式馬桶刷 產品編號Z014-1', '清潔用品 - 其他(掃除用具)', '各式馬桶刷\r\n有球型\r\n牙刷型還\r\n有附座馬桶刷', 'uploads/231.jpg', 0),
(232, '單頭白牙籤250支*10小包/包產品編號c006-2', '紙杯/免洗餐具 - 免洗餐具/盒', '單頭裸包牙籤250支/小包10小包/包', 'uploads/232.jpg', 0),
(233, '鐵球刷12入/串 產品編號Z004-2', '清潔用品 - 其他(掃除用具)', '', 'uploads/233.jpg', 0),
(234, '泡沫洗手乳補充液4公升 產品編號L004-5', '清潔用品 - 洗手乳', '4000cc/桶一箱四桶\r\n泡沫洗手乳補充液', 'uploads/234.jpg', 0),
(235, '按壓式洗手乳1000cc附噴頭 產品編號L004-6', '清潔用品 - 洗手乳', '按壓式附噴頭洗手乳1000cc一箱12罐', 'uploads/235_1758268800.jpg', 0),
(236, '75%消毒酒精500cc沒噴頭 產品編號g221-1', '清潔用品 - 萬用清潔劑', '500cc一箱24瓶無噴頭', 'uploads/236.jpg', 0),
(237, '燈蕊火罐頭6小時燃燒36罐/箱 產品編號G203', '燃料類 - 火罐頭', '一罐230cc可燃燒6小時\r\n上蓋可打開\r\n搭配補充油節省成本', 'uploads/237.jpg', 1),
(238, '75%消毒酒精4公升/桶產品編號g221-3', '清潔用品 - 萬用清潔劑', '4000cc一桶六桶一箱\r\n75%消毒環境 乾洗手 都合乎規定', 'uploads/238.jpg', 1),
(239, '燈蕊火罐頭6小時燃燒 產品編號G203-2', '燃料類 - 火罐頭', '230公克一罐可6小時燃燒\r\n一箱60罐\r\n此規格建議一次使用', 'uploads/239.jpg', 0),
(240, '防噴濺感溫變色小便斗香氛除臭片產品編號c010', '清潔用品 - 廁所清潔劑', '產品說明：\r\n\r\n名稱：奇立淨防噴濺感溫變色小便斗香芬除臭片。\r\n\r\n功能： 結合微生物技術和香芬因子，具有防噴濺、除臭、芳香和感溫變色功能。\r\n\r\n成分： EVA、界面活性劑、香料萃取物。\r\n\r\n用途：用於小便斗，具有芳香和除臭功能，並能防止尿液噴濺。\r\n\r\n特色：\r\n\r\n　　。含有高品質的微生物除臭塊和感溫變色網。\r\n\r\n　　。內嵌式生物酶除臭塊採用緩釋技術，可持續釋放微生物菌。\r\n\r\n　　。富含香芬香味因子，可持續散發香味。\r\n\r\n　　。專業立柱群設計，有助於防止尿液噴濺。\r\n\r\n　　。適用於所有常見的小便斗。\r\n\r\n　\r\n\r\n', 'uploads/240.png', 1),
(241, '防噴濺感溫變色小便斗香氛除臭片 產品編號C 010', '芳香/除臭用品 - 小便斗除臭芳香清潔', '產品說明：\r\n\r\n名稱：奇立淨防噴濺感溫變色小便斗香芬除臭片。\r\n\r\n功能： 結合微生物技術和香芬因子，具有防噴濺、除臭、芳香和感溫變色功能。\r\n\r\n成分： EVA、界面活性劑、香料萃取物。\r\n\r\n用途：用於小便斗，具有芳香和除臭功能，並能防止尿液噴濺。\r\n\r\n特色：\r\n\r\n　　。含有高品質的微生物除臭塊和感溫變色網。\r\n\r\n　　。內嵌式生物酶除臭塊採用緩釋技術，可持續釋放微生物菌。\r\n\r\n　　。富含香芬香味因子，可持續散發香味。\r\n\r\n　　。專業立柱群設計，有助於防止尿液噴濺。\r\n\r\n　　。適用於所有常見的小便斗', 'uploads/241.jpg', 0),
(242, '五月花中央抽取捲筒衛生紙 產品編號5102-10', '紙類用品 - 捲筒式衛生紙', '五月花中央抽取式捲筒衛生紙\r\n90mm*200mm*1050抽*3卷*4袋/箱\r\n一抽一張節省用量\r\n特殊出紙口設計\r\n降低紙張汙染機率', 'uploads/242.jpg', 1),
(243, '油力士紙杯', '紙杯/免洗餐具 - 紙杯', '◼ 包裝: 600入/1支\r\n◼ 顏色: 紅、黃、綠、桔、咖啡、白色\r\n◼ 新顏色 : 粉色、本色供8種顏色\r\n◼ 蛋糕、 麻糬、巧克力用紙，高雅美觀衛生，方便食用\r\n油力王紙杯產品特色\r\n1.超強防油性能：油力王紙杯經特殊處理，具備極佳的防油性能，能有效阻止油脂滲透，保持紙杯內部乾爽，避免紙杯變軟。\r\n2.高耐熱性：這款紙杯能夠承受高達 220°C（466°F）的高溫，適合用於熱飲和熱食，不易變形或破損。\r\n3.環保材料：採用可回收和生物降解的紙張材料，符合環保標準，減少對環境的影響。\r\n4.堅固耐用：紙杯結構堅固，即使盛裝油脂較多的食物，也能保持形狀穩定，不易漏液。\r\n5.多樣設計：提供多種尺寸和印刷選擇，可根據需求定制品牌標誌和個性化圖案。\r\n\r\n尺寸:30*15    600/支     160支/箱\r\n         38*21    600/支     100支/箱\r\n         43*27    600/支      80支/箱\r\n         52*30    600/支      60支/箱\r\n         47*37    600/支      60', 'uploads/243_1758274702.jpg', 0),
(244, '30ccPLA透明膠杯3000入 產品編號B006- 2', '紙杯/免洗餐具 - 食品級透明飲料杯', '食品級材料玉米澱粉製成\r\n可飲用烈酒不會放出毒素\r\n30cc*100入/串*30串/箱\r\n', 'uploads/244.jpg', 0),
(245, '不鏽鋼三折擦手紙架', '機台/垃圾桶/傘架 - 各式紙架', '三折單包裝\r\n另有\r\n兩包裝三折擦手紙架\r\n全黑兩包裝三折擦手紙架 款式\r\n可供選擇', 'uploads/245.png', 0),
(246, '不鏽鋼小捲筒衛生紙架', '機台/垃圾桶/傘架 - 各式紙架', '不鏽鋼小捲筒衛生紙架\r\n耐用 不會生鏽', 'uploads/246.png', 0),
(247, '雙座給皂機500cc 產品編號L014-1', '機台/垃圾桶/傘架 - 給皂機', '安裝需工本費200圓/台\r\n雙座給皂機', 'uploads/247.jpg', 0),
(248, '好神拖補充式布盤/1入 產品編號Z032-1', '清潔用品 - 其他(掃除用具)', '透氣快乾纖維~~無懼霉臭異味~~終結水痕~~好神拖((專用))', 'uploads/248.jpg', 0),
(249, '好神拖手壓式(附1桿+1布盤)產品編號ZO32-2   ', '清潔用品 - 其他(掃除用具)', '好神拖手壓式(附1桿+1布盤)  材質:拖把桿-鋁合金    布盤:超細纖維', 'uploads/249_1759305321.jpg', 0),
(250, 'PP170耐熱白色捲邊杯 產品編號B004-2', '紙杯/免洗餐具 - 紙杯', '台灣製造~~耐熱90度C~~PP材質', 'uploads/250_1759305618.jpg', 0),
(251, '餐墊紙(全空白) 產品編號50151', '紙類用品 - 餐墊紙', '全空白餐墊紙\r\n\r\n尺寸42*28公分\r\n一箱有2250張\r\n\r\n有空白/公版咖啡杯餐墊紙\r\n二種可供選擇\r\n滿5箱可定製店名印刷精美設計', 'uploads/251_1759489758.jpg', 0),
(252, '170cc透明膠杯 產品編號B004-1', '紙杯/免洗餐具 - 食品級透明飲料杯', '耐熱溫度85度c~~材質PP聚丙烯~~台灣製造~~2400入', 'uploads/252.jpg', 0),
(253, '妙管家.迷你休閒瓦斯爐 產品編號U002', '燃料類 - 瓦斯罐/爐', '迷你、輕巧、攜帶方便\r\n韓國製造\r\n過壓退罐 防止不對位上罐 未歸零防上罐\r\n雙重密封接頭 爐架防到置\r\n防風設計  附硬盒\r\n經銷各型號 妙管家 瓦斯爐 瓦斯罐\r\n\r\n\r\n', 'uploads/253_1763950893.jpg', 0),
(254, '南亞保鮮膜40公分寬100米長 產品編號Z001-3', '其他餐飲用品 - 保鮮膜/登高椅/除蟲藥/其他', '40公分寬100米長 一箱12卷\r\n食品包裝業務用', 'uploads/254.jpg', 0);

--
-- 已傾印資料表的索引
--

--
-- 資料表索引 `admin_users`
--
ALTER TABLE `admin_users`
  ADD PRIMARY KEY (`id`),
  ADD UNIQUE KEY `username` (`username`);

--
-- 資料表索引 `consultations`
--
ALTER TABLE `consultations`
  ADD PRIMARY KEY (`id`);

--
-- 資料表索引 `consultation_items`
--
ALTER TABLE `consultation_items`
  ADD PRIMARY KEY (`id`),
  ADD KEY `consultation_id` (`consultation_id`),
  ADD KEY `product_id` (`product_id`);

--
-- 資料表索引 `counters`
--
ALTER TABLE `counters`
  ADD PRIMARY KEY (`name`);

--
-- 資料表索引 `product`
--
ALTER TABLE `product`
  ADD PRIMARY KEY (`id`);

--
-- 在傾印的資料表使用自動遞增(AUTO_INCREMENT)
--

--
-- 使用資料表自動遞增(AUTO_INCREMENT) `admin_users`
--
ALTER TABLE `admin_users`
  MODIFY `id` int(11) NOT NULL AUTO_INCREMENT, AUTO_INCREMENT=2;

--
-- 使用資料表自動遞增(AUTO_INCREMENT) `consultations`
--
ALTER TABLE `consultations`
  MODIFY `id` int(11) NOT NULL AUTO_INCREMENT, AUTO_INCREMENT=27;

--
-- 使用資料表自動遞增(AUTO_INCREMENT) `consultation_items`
--
ALTER TABLE `consultation_items`
  MODIFY `id` int(11) NOT NULL AUTO_INCREMENT, AUTO_INCREMENT=55;

--
-- 使用資料表自動遞增(AUTO_INCREMENT) `product`
--
ALTER TABLE `product`
  MODIFY `id` int(11) NOT NULL AUTO_INCREMENT, AUTO_INCREMENT=255;

--
-- 已傾印資料表的限制式
--

--
-- 資料表的限制式 `consultation_items`
--
ALTER TABLE `consultation_items`
  ADD CONSTRAINT `consultation_items_ibfk_1` FOREIGN KEY (`consultation_id`) REFERENCES `consultations` (`id`) ON DELETE CASCADE;

/*!40101 SET CHARACTER_SET_CLIENT=@OLD_CHARACTER_SET_CLIENT */;
/*!40101 SET CHARACTER_SET_RESULTS=@OLD_CHARACTER_SET_RESULTS */;
/*!40101 SET COLLATION_CONNECTION=@OLD_COLLATION_CONNECTION */;
